Category Name,URL
All Fire Extinguishers,https://www.safelincs.co.uk/all-fire-extinguishers/
P50 Service Free Extinguishers,https://www.safelincs.co.uk/p50-service-free-fire-extinguishers/
Water Mist Extinguishers,https://www.safelincs.co.uk/water-mist-fire-extinguishers/
CO2 Extinguishers,https://www.safelincs.co.uk/co2-fire-extinguishers/
Water Extinguishers,https://www.safelincs.co.uk/water-fire-extinguishers/
Foam Extinguishers,https://www.safelincs.co.uk/foam-fire-extinguishers/
Powder Extinguishers,https://www.safelincs.co.uk/powder-fire-extinguishers/
Wet Chemical Extinguishers,https://www.safelincs.co.uk/wet-chemical-fire-extinguishers/
Fire Extinguisher Deals,https://www.safelincs.co.uk/hot-fire-extinguisher-deals/
Fire Blankets,https://www.safelincs.co.uk/fire-blankets/
Automatic Extinguishers,https://www.safelincs.co.uk/automatic-fire-extinguishers/
Designer Extinguishers,https://www.safelincs.co.uk/designer-fire-extinguishers/
Electrical Equipment Extinguishers,https://www.safelincs.co.uk/fire-extinguishers-for-electrical-equipment/
Eco Extinguishers,https://www.safelincs.co.uk/eco-fire-extinguishers/
Lithium Ion Extinguishers,https://www.safelincs.co.uk/lithium-ion-fire-extinguishers-and-containment/
ID Signs,https://www.safelincs.co.uk/fire-extinguisher-id-signs/
Class D Powder,https://www.safelincs.co.uk/thomas-glover-9kg-l2-powder-extinguisher/
Wheeled Extinguishers,https://www.safelincs.co.uk/wheeled-fire-extinguishers/
Domestic Extinguishers,https://www.safelincs.co.uk/domestic-fire-extinguishers/
Kitchen Extinguishers,https://www.safelincs.co.uk/kitchen-fire-extinguishers/
Car Extinguishers,https://www.safelincs.co.uk/car-fire-extinguishers/
Office Extinguishers,https://www.safelincs.co.uk/office-fire-extinguishers/
Truck Extinguishers,https://www.safelincs.co.uk/large-vehicle-and-truck-extinguishers/
Caravan Extinguishers,https://www.safelincs.co.uk/caravan-fire-extinguishers/
Boat Extinguishers,https://www.safelincs.co.uk/boat-fire-extinguishers/
Extinguisher Stands,https://www.safelincs.co.uk/fire-extinguisher-stands/
Cabinets and Covers,https://www.safelincs.co.uk/fire-extinguisher-cabinets-and-covers/
Theft Stoppers,https://www.safelincs.co.uk/fire-extinguisher-theft-stoppers/
Brackets,https://www.safelincs.co.uk/wall-mounting-and-transport-brackets/
Trolleys,https://www.safelincs.co.uk/fire-extinguisher-trolleys/
Hose Reels,https://www.safelincs.co.uk/fire-hose-reels-and-accessories/
Buckets,https://www.safelincs.co.uk/fire-buckets-and-absorbents/
Servicing Tools,https://www.safelincs.co.uk/fire-extinguisher-servicing-tools/
Servicing Spares,https://www.safelincs.co.uk/fire-extinguisher-servicing-spares/
Gas Detectors,https://www.safelincs.co.uk/gas-detectors/
Tester Equipment,https://www.safelincs.co.uk/smoke-heat-co-detector-tester-equipment/
Call Point Covers,https://www.safelincs.co.uk/call-point-covers/
Air Quality Monitors,https://www.safelincs.co.uk/air-quality-monitors-and-carbon-dioxide-co2-detectors/
FD30 Single Doors,https://www.safelincs.co.uk/fd30-single-fire-doors/
FD30 Double Doors,https://www.safelincs.co.uk/fd30-double-fire-doors/
FD60 Single Doors,https://www.safelincs.co.uk/fd60-single-fire-doors/
FD60 Double Doors,https://www.safelincs.co.uk/fd60-double-fire-doors/
Glazed Fire Doors,https://www.safelincs.co.uk/glazed-fire-doors/
Tempus Temporary Door,https://www.safelincs.co.uk/tempus-temporary-fire-door/
Overhead Door Closers,https://www.safelincs.co.uk/overhead-door-closers/
Concealed Door Closers,https://www.safelincs.co.uk/concealed-door-closers/
Free Swing Closers,https://www.safelincs.co.uk/free-swing-door-closers/
Floor Spring Closers,https://www.safelincs.co.uk/floor-spring-door-closers/
Door Retainers,https://www.safelincs.co.uk/dorgard-and-other-fire-door-retainers/
Intumescent Strips,https://www.safelincs.co.uk/intumescent-strips-for-fire-doors/
Door Furniture,https://www.safelincs.co.uk/fire-door-furniture/
Emergency Bolts,https://www.safelincs.co.uk/emergency-bolts-and-push-pads/
Panic Bars,https://www.safelincs.co.uk/panic-bars-with-latches-or-bolts/
External Access Devices,https://www.safelincs.co.uk/external-access-devices/
Magnetic Locks,https://www.safelincs.co.uk/magnetic-locks/
Key Boxes,https://www.safelincs.co.uk/key-boxes-and-key-guards/
Penetration Protection,https://www.safelincs.co.uk/penetration-protection/
Intumescent Sealants,https://www.safelincs.co.uk/intumescent-sealants/
Anti-Arson Letterboxes,https://www.safelincs.co.uk/anti-arson-letterboxes/
Fire Rated Letter Plates,https://www.safelincs.co.uk/fire-rated-letter-plate-system-from-doorset-global-solutions/
Air Transfer Grilles,https://www.safelincs.co.uk/fire-rated-intumescent-air-transfer-grilles/
Fire Retardant Spray,https://www.safelincs.co.uk/fire-retardant-spray/
Welding Drapes,https://www.safelincs.co.uk/welding-drapes/
Paper and Data Safes,https://www.safelincs.co.uk/fireproof-paper-and-data-safes/
Fire and Waterproof Safes,https://www.safelincs.co.uk/fire-and-waterproof-safes/
Filing Cabinets,https://www.safelincs.co.uk/fireproof-filing-cabinets/
Cupboards,https://www.safelincs.co.uk/fireproof-cupboards/
Cash Safes,https://www.safelincs.co.uk/complete-security-safe-range/
Key Safes,https://www.safelincs.co.uk/key-safes-and-storage-devices/
Flammable Liquid Cabinets,https://www.safelincs.co.uk/flammable-liquid-cabinets/
PPE Storage,https://www.safelincs.co.uk/ppe-storage-cabinets/
COSHH Storage,https://www.safelincs.co.uk/coshh-storage-cabinets/
Emergency Bulkheads,https://www.safelincs.co.uk/emergency-bulkhead-lighting/
LED Emergency Lighting,https://www.safelincs.co.uk/led-emergency-lighting-and-led-escape-route-signs/
Twinspot Lighting,https://www.safelincs.co.uk/emergency-twinspot-lighting/
Illuminated Exit Signs,https://www.safelincs.co.uk/illuminated-fire-exit-signage/
Outdoor Emergency Lighting,https://www.safelincs.co.uk/outdoor-emergency-lighting/
Photoluminescent Signs,https://www.safelincs.co.uk/photoluminescent-fire-exit-signs/
Escape Route Markings,https://www.safelincs.co.uk/escape-route-markings/
Portable Escape Ladders,https://www.safelincs.co.uk/portable-fire-escape-ladders/
Fall Arrest Harnesses,https://www.safelincs.co.uk/fall-arrest-harnesses/
Evacuation Chairs,https://www.safelincs.co.uk/emergency-evacuation-chairs/
Semi Auto Defibs,https://www.safelincs.co.uk/semi-automatic-defibrillators/
Fully Auto Defibs,https://www.safelincs.co.uk/fully-automatic-defibrillators/
Defib Trainer Units,https://www.safelincs.co.uk/defibrillator-trainer-units/
Defib Trainer Pads,https://www.safelincs.co.uk/defibrillator-trainer-unit-pads/
Defib Batteries,https://www.safelincs.co.uk/defibrillator-batteries/
Defib Pads,https://www.safelincs.co.uk/defibrillator-electrode-pads/
Defib Cabinets,https://www.safelincs.co.uk/defibrillator-cabinets/
Defib Carry Cases,https://www.safelincs.co.uk/defibrillator-carry-cases/
Defib Wall Brackets,https://www.safelincs.co.uk/defibrillator-wall-brackets/
School Defib Bundles,https://www.safelincs.co.uk/automated-external-defibrillator-bundles-for-schools/
St John First Aid Kits,https://www.safelincs.co.uk/st-john-ambulance-first-aid-kits-and-emergency-kits/
LifeVac Anti-Choking,https://www.safelincs.co.uk/lifevac-anti-choking-devices/
Infection Control,https://www.safelincs.co.uk/infection-control/
Burn Kits,https://www.safelincs.co.uk/burn-kits/
Catering First Aid,https://www.safelincs.co.uk/catering-first-aid-kits-hse/
Biohazard Kits,https://www.safelincs.co.uk/biohazard-body-fluid-disposal-kits/
Trauma Kits,https://www.safelincs.co.uk/trauma-first-aid-kits/
First Aid Cabinets,https://www.safelincs.co.uk/first-aid-storage-cabinets/
Independent Living Aids,https://www.safelincs.co.uk/independent-living-aids/